{
  "base_model": {
    "model_path": "/home/szn/zhangx/model_weights/tiny_random_llava_next_mistral_local",
    "single_device": "cuda:0",
    "query_shape": [
      4,
      8
    ],
    "passage_shape": [
      4,
      8
    ],
    "single_score_matrix": [
      [
        0.9881167411804199,
        0.9872121810913086,
        0.9881167411804199,
        0.9872121810913086
      ],
      [
        0.9983024597167969,
        0.9894390106201172,
        0.9983024597167969,
        0.9894390106201172
      ],
      [
        0.9881167411804199,
        0.9872121810913086,
        0.9881167411804199,
        0.9872121810913086
      ],
      [
        0.9983024597167969,
        0.9894390106201172,
        0.9983024597167969,
        0.9894390106201172
      ]
    ]
  },
  "base_eval": {
    "summary_path": "/home/szn/zhangx/explore/Nexus/experiments/stage1_validation/llava_next_full_loop/runtime_validation/base_eval/summary.md",
    "summary_exists": true,
    "summary_preview": "## ndcg_at_10\n\n| Model | Reranker | average | test |\n| :---- | :---- | :---: | :---: |\n| tiny_random_llava_next_mistral_local | NoReranker | **100.000** | **100.000** | \n\n## recall_at_10\n\n| Model | Reranker | average | test |\n| :---- | :---- | :---: | :---: |\n| tiny_random_llava_next_mistral_local | NoReranker | **100.000** | **100.000** | \n\n",
    "eval_results": {
      "tiny_random_llava_next_mistral_local/NoReranker/EVAL/eval_results.json": {
        "test": {
          "ndcg_at_1": 1.0,
          "ndcg_at_3": 1.0,
          "ndcg_at_5": 1.0,
          "ndcg_at_10": 1.0,
          "map_at_1": 1.0,
          "map_at_3": 1.0,
          "map_at_5": 1.0,
          "map_at_10": 1.0,
          "recall_at_1": 1.0,
          "recall_at_3": 1.0,
          "recall_at_5": 1.0,
          "recall_at_10": 1.0,
          "precision_at_1": 1.0,
          "precision_at_3": 0.33333,
          "precision_at_5": 0.2,
          "precision_at_10": 0.1,
          "mrr_at_1": 1.0,
          "mrr_at_3": 1.0,
          "mrr_at_5": 1.0,
          "mrr_at_10": 1.0
        }
      }
    }
  },
  "adapter_model": {
    "model_path": "/tmp/nexus_stage1_llava_next_config_train",
    "single_device": "cuda:0",
    "query_shape": [
      4,
      8
    ],
    "passage_shape": [
      4,
      8
    ],
    "single_score_matrix": [
      [
        0.9883408546447754,
        0.987421989440918,
        0.9883408546447754,
        0.987421989440918
      ],
      [
        0.9983377456665039,
        0.989476203918457,
        0.9983377456665039,
        0.989476203918457
      ],
      [
        0.9883408546447754,
        0.987421989440918,
        0.9883408546447754,
        0.987421989440918
      ],
      [
        0.9983377456665039,
        0.989476203918457,
        0.9983377456665039,
        0.989476203918457
      ]
    ]
  },
  "adapter_eval": {
    "summary_path": "/home/szn/zhangx/explore/Nexus/experiments/stage1_validation/llava_next_full_loop/runtime_validation/adapter_eval/summary.md",
    "summary_exists": true,
    "summary_preview": "## ndcg_at_10\n\n| Model | Reranker | average | test |\n| :---- | :---- | :---: | :---: |\n| nexus_stage1_llava_next_config_train | NoReranker | **100.000** | **100.000** | \n\n## recall_at_10\n\n| Model | Reranker | average | test |\n| :---- | :---- | :---: | :---: |\n| nexus_stage1_llava_next_config_train | NoReranker | **100.000** | **100.000** | \n\n",
    "eval_results": {
      "nexus_stage1_llava_next_config_train/NoReranker/EVAL/eval_results.json": {
        "test": {
          "ndcg_at_1": 1.0,
          "ndcg_at_3": 1.0,
          "ndcg_at_5": 1.0,
          "ndcg_at_10": 1.0,
          "map_at_1": 1.0,
          "map_at_3": 1.0,
          "map_at_5": 1.0,
          "map_at_10": 1.0,
          "recall_at_1": 1.0,
          "recall_at_3": 1.0,
          "recall_at_5": 1.0,
          "recall_at_10": 1.0,
          "precision_at_1": 1.0,
          "precision_at_3": 0.33333,
          "precision_at_5": 0.2,
          "precision_at_10": 0.1,
          "mrr_at_1": 1.0,
          "mrr_at_3": 1.0,
          "mrr_at_5": 1.0,
          "mrr_at_10": 1.0
        }
      }
    }
  }
}