{
  "base_model": {
    "model_path": "/home/szn/zhangx/model_weights/qwen2_5vl3b_instruct_local",
    "single_device": "cuda:0",
    "query_shape": [
      4,
      2048
    ],
    "passage_shape": [
      4,
      2048
    ],
    "single_score_matrix": [
      [
        0.9788177609443665,
        0.9662830233573914,
        0.9788177609443665,
        0.9662830233573914
      ],
      [
        0.9704638719558716,
        0.9672090411186218,
        0.9704638719558716,
        0.9672090411186218
      ],
      [
        0.9788177609443665,
        0.9662830233573914,
        0.9788177609443665,
        0.9662830233573914
      ],
      [
        0.9704638719558716,
        0.9672090411186218,
        0.9704638719558716,
        0.9672090411186218
      ]
    ]
  },
  "base_eval": {
    "summary_path": "/home/szn/zhangx/explore/Nexus/experiments/stage1_validation/qwen2_5_vl_full_loop/runtime_validation/base_eval/summary.md",
    "summary_exists": true,
    "summary_preview": "## ndcg_at_10\n\n| Model | Reranker | average | test |\n| :---- | :---- | :---: | :---: |\n| qwen2_5vl3b_instruct_local | NoReranker | **100.000** | **100.000** | \n\n## recall_at_10\n\n| Model | Reranker | average | test |\n| :---- | :---- | :---: | :---: |\n| qwen2_5vl3b_instruct_local | NoReranker | **100.000** | **100.000** | \n\n",
    "eval_results": {
      "qwen2_5vl3b_instruct_local/NoReranker/EVAL/eval_results.json": {
        "test": {
          "ndcg_at_1": 1.0,
          "ndcg_at_3": 1.0,
          "ndcg_at_5": 1.0,
          "ndcg_at_10": 1.0,
          "map_at_1": 1.0,
          "map_at_3": 1.0,
          "map_at_5": 1.0,
          "map_at_10": 1.0,
          "recall_at_1": 1.0,
          "recall_at_3": 1.0,
          "recall_at_5": 1.0,
          "recall_at_10": 1.0,
          "precision_at_1": 1.0,
          "precision_at_3": 0.33333,
          "precision_at_5": 0.2,
          "precision_at_10": 0.1,
          "mrr_at_1": 1.0,
          "mrr_at_3": 1.0,
          "mrr_at_5": 1.0,
          "mrr_at_10": 1.0
        }
      }
    }
  },
  "adapter_model": {
    "model_path": "/tmp/nexus_stage1_qwen2_5_config_train",
    "single_device": "cuda:0",
    "query_shape": [
      4,
      2048
    ],
    "passage_shape": [
      4,
      2048
    ],
    "single_score_matrix": [
      [
        0.9776124954223633,
        0.9659055471420288,
        0.9776124954223633,
        0.9659055471420288
      ],
      [
        0.9691033959388733,
        0.9676601886749268,
        0.9691033959388733,
        0.9676601886749268
      ],
      [
        0.9776124954223633,
        0.9659055471420288,
        0.9776124954223633,
        0.9659055471420288
      ],
      [
        0.9691033959388733,
        0.9676601886749268,
        0.9691033959388733,
        0.9676601886749268
      ]
    ]
  },
  "adapter_eval": {
    "summary_path": "/home/szn/zhangx/explore/Nexus/experiments/stage1_validation/qwen2_5_vl_full_loop/runtime_validation/adapter_eval/summary.md",
    "summary_exists": true,
    "summary_preview": "## ndcg_at_10\n\n| Model | Reranker | average | test |\n| :---- | :---- | :---: | :---: |\n| nexus_stage1_qwen2_5_config_train | NoReranker | **100.000** | **100.000** | \n\n## recall_at_10\n\n| Model | Reranker | average | test |\n| :---- | :---- | :---: | :---: |\n| nexus_stage1_qwen2_5_config_train | NoReranker | **100.000** | **100.000** | \n\n",
    "eval_results": {
      "nexus_stage1_qwen2_5_config_train/NoReranker/EVAL/eval_results.json": {
        "test": {
          "ndcg_at_1": 1.0,
          "ndcg_at_3": 1.0,
          "ndcg_at_5": 1.0,
          "ndcg_at_10": 1.0,
          "map_at_1": 1.0,
          "map_at_3": 1.0,
          "map_at_5": 1.0,
          "map_at_10": 1.0,
          "recall_at_1": 1.0,
          "recall_at_3": 1.0,
          "recall_at_5": 1.0,
          "recall_at_10": 1.0,
          "precision_at_1": 1.0,
          "precision_at_3": 0.33333,
          "precision_at_5": 0.2,
          "precision_at_10": 0.1,
          "mrr_at_1": 1.0,
          "mrr_at_3": 1.0,
          "mrr_at_5": 1.0,
          "mrr_at_10": 1.0
        }
      }
    }
  }
}